date,REGION_N,num_of_cases,recent_cases_in_cluster,total_cases_in_cluster
2015-01-02,CENTRAL REGION,222,400,1326
2015-01-02,EAST REGION,247,360,1074
2015-01-02,NORTH REGION,94,132,647
2015-01-02,NORTH-EAST REGION,77,107,203
2015-01-02,WEST REGION,22,41,53
2015-01-03,CENTRAL REGION,172,1012,3131
2015-01-03,EAST REGION,36,83,138
2015-01-03,NORTH REGION,54,49,153
2015-01-03,NORTH-EAST REGION,16,30,34
2015-01-03,WEST REGION,13,21,29
2015-01-04,CENTRAL REGION,58,90,192
2015-01-04,EAST REGION,69,175,292
2015-01-04,NORTH REGION,54,123,307
2015-01-04,NORTH-EAST REGION,37,117,151
2015-01-04,WEST REGION,23,32,78
2015-01-05,CENTRAL REGION,107,176,596
2015-01-05,EAST REGION,124,257,694
2015-01-05,NORTH REGION,58,88,588
2015-01-05,NORTH-EAST REGION,35,57,100
2015-01-05,WEST REGION,11,17,29
2015-01-06,CENTRAL REGION,347,230,10389
2015-01-06,EAST REGION,74,102,280
2015-01-06,NORTH REGION,68,72,357
2015-01-06,NORTH-EAST REGION,21,25,49
2015-01-06,WEST REGION,14,25,31
2015-01-07,CENTRAL REGION,182,296,1371
2015-01-07,EAST REGION,274,934,3078
2015-01-07,NORTH REGION,66,111,323
2015-01-07,NORTH-EAST REGION,121,268,527
2015-01-07,WEST REGION,35,40,109
2015-01-09,CENTRAL REGION,204,302,1153
2015-01-09,EAST REGION,300,463,1427
2015-01-09,NORTH REGION,101,246,831
2015-01-09,NORTH-EAST REGION,111,177,379
2015-01-09,WEST REGION,35,46,86
2015-01-10,CENTRAL REGION,62,72,251
2015-01-10,EAST REGION,53,150,232
2015-01-10,NORTH REGION,67,150,418
2015-01-10,NORTH-EAST REGION,52,207,328
2015-01-10,WEST REGION,27,31,85
2015-01-11,CENTRAL REGION,354,335,10448
2015-01-11,EAST REGION,75,55,303
2015-01-11,NORTH REGION,74,65,374
2015-01-11,NORTH-EAST REGION,17,11,43
2015-01-11,WEST REGION,15,14,32
2015-01-12,CENTRAL REGION,128,146,746
2015-01-12,EAST REGION,148,208,885
2015-01-12,NORTH REGION,59,160,721
2015-01-12,NORTH-EAST REGION,46,75,174
2015-01-12,WEST REGION,19,29,43
2015-01-14,CENTRAL REGION,283,386,2140
2015-01-14,EAST REGION,320,880,3828
2015-01-14,NORTH REGION,171,263,940
2015-01-14,NORTH-EAST REGION,166,321,945
2015-01-14,WEST REGION,69,66,176
2015-01-16,CENTRAL REGION,311,1164,6472
2015-01-16,EAST REGION,234,292,998
2015-01-16,NORTH REGION,131,215,511
2015-01-16,NORTH-EAST REGION,64,96,169
2015-01-16,WEST REGION,16,18,33
2015-01-17,CENTRAL REGION,64,80,382
2015-01-17,EAST REGION,40,36,112
2015-01-17,NORTH REGION,72,33,378
2015-01-17,NORTH-EAST REGION,24,31,72
2015-01-17,WEST REGION,22,17,49
2015-01-18,CENTRAL REGION,95,179,394
2015-01-18,EAST REGION,66,96,326
2015-01-18,NORTH REGION,67,150,556
2015-01-18,NORTH-EAST REGION,61,123,396
2015-01-18,WEST REGION,16,28,33
2015-01-19,CENTRAL REGION,96,119,565
2015-01-19,EAST REGION,146,201,756
2015-01-19,NORTH REGION,23,38,53
2015-01-19,NORTH-EAST REGION,16,19,61
2015-01-19,WEST REGION,13,15,29
2015-01-21,CENTRAL REGION,295,736,2600
2015-01-21,EAST REGION,328,1037,4907
2015-01-21,NORTH REGION,61,137,222
2015-01-21,NORTH-EAST REGION,144,222,856
2015-01-21,WEST REGION,34,41,67
2015-01-22,CENTRAL REGION,124,231,525
2015-01-22,EAST REGION,60,145,326
2015-01-22,NORTH REGION,73,121,582
2015-01-22,NORTH-EAST REGION,45,126,359
2015-01-22,WEST REGION,11,23,26
2015-01-23,CENTRAL REGION,67,102,437
2015-01-23,EAST REGION,193,302,1141
2015-01-23,NORTH REGION,11,17,27
2015-01-23,NORTH-EAST REGION,53,73,209
2015-01-23,WEST REGION,19,18,51
2015-01-25,CENTRAL REGION,225,454,1192
2015-01-25,EAST REGION,95,166,455
2015-01-25,NORTH REGION,118,222,777
2015-01-25,NORTH-EAST REGION,65,129,403
2015-01-25,WEST REGION,30,47,67
2015-01-26,CENTRAL REGION,90,139,578
2015-01-26,EAST REGION,132,140,553
2015-01-26,NORTH REGION,32,38,77
2015-01-26,NORTH-EAST REGION,30,32,42
2015-01-26,WEST REGION,11,14,19
2015-01-28,CENTRAL REGION,348,660,3055
2015-01-28,EAST REGION,446,990,6415
2015-01-28,NORTH REGION,165,264,1021
2015-01-28,NORTH-EAST REGION,208,402,1527
2015-01-28,WEST REGION,57,74,142
2015-01-30,CENTRAL REGION,95,161,680
2015-01-30,EAST REGION,162,628,1626
2015-01-30,NORTH REGION,7,10,17
2015-01-30,NORTH-EAST REGION,70,101,266
2015-01-30,WEST REGION,12,18,30
2015-01-31,CENTRAL REGION,53,57,129
2015-01-31,EAST REGION,51,85,151
2015-01-31,NORTH REGION,42,63,206
2015-01-31,NORTH-EAST REGION,18,26,39
2015-01-31,WEST REGION,20,20,58
2016-01-01,CENTRAL REGION,756,1352,7932
2016-01-01,EAST REGION,1089,2672,22056
2016-01-01,NORTH REGION,459,1425,6680
2016-01-01,NORTH-EAST REGION,807,1655,12149
2016-01-01,WEST REGION,226,479,1380
2016-01-03,CENTRAL REGION,260,252,3006
2016-01-03,EAST REGION,319,345,3858
2016-01-03,NORTH REGION,131,165,1990
2016-01-03,NORTH-EAST REGION,83,176,500
2016-01-03,WEST REGION,41,50,250
2016-01-04,CENTRAL REGION,447,875,4267
2016-01-04,EAST REGION,784,2235,12136
2016-01-04,NORTH REGION,177,316,1831
2016-01-04,NORTH-EAST REGION,413,744,4807
2016-01-04,WEST REGION,38,41,115
2016-01-05,CENTRAL REGION,93,120,257
2016-01-05,EAST REGION,186,314,1195
2016-01-05,NORTH REGION,38,136,496
2016-01-05,NORTH-EAST REGION,53,88,206
2016-01-05,WEST REGION,81,148,282
2016-01-06,CENTRAL REGION,132,328,2754
2016-01-06,EAST REGION,35,46,136
2016-01-06,NORTH REGION,102,196,1091
2016-01-06,NORTH-EAST REGION,32,45,180
2016-01-06,WEST REGION,10,15,33
2016-01-07,CENTRAL REGION,272,363,1773
2016-01-07,EAST REGION,196,312,1244
2016-01-07,NORTH REGION,221,259,3598
2016-01-07,NORTH-EAST REGION,310,628,4771
2016-01-07,WEST REGION,119,324,942
2016-01-09,CENTRAL REGION,179,288,2300
2016-01-09,EAST REGION,211,139,3333
2016-01-09,NORTH REGION,59,28,634
2016-01-09,NORTH-EAST REGION,71,67,372
2016-01-09,WEST REGION,2,4,4
2016-01-10,CENTRAL REGION,499,593,4559
2016-01-10,EAST REGION,907,1177,20298
2016-01-10,NORTH REGION,360,950,7722
2016-01-10,NORTH-EAST REGION,412,828,5378
2016-01-10,WEST REGION,177,166,1131
2016-01-11,CENTRAL REGION,505,981,5167
2016-01-11,EAST REGION,669,2379,13699
2016-01-11,NORTH REGION,145,307,1199
2016-01-11,NORTH-EAST REGION,300,593,2608
2016-01-11,WEST REGION,85,160,362
2016-01-12,CENTRAL REGION,56,143,201
2016-01-12,EAST REGION,170,920,2377
2016-01-12,NORTH REGION,78,154,1311
2016-01-12,NORTH-EAST REGION,95,273,559
2016-01-12,WEST REGION,17,18,41
2016-01-13,CENTRAL REGION,286,427,3705
2016-01-13,EAST REGION,260,325,1914
2016-01-13,NORTH REGION,100,299,1277
2016-01-13,NORTH-EAST REGION,46,48,148
2016-01-13,WEST REGION,93,90,400
2016-01-14,CENTRAL REGION,263,304,1982
2016-01-14,EAST REGION,219,314,1472
2016-01-14,NORTH REGION,132,128,2670
2016-01-14,NORTH-EAST REGION,187,421,2148
2016-01-14,WEST REGION,48,174,736
2016-01-15,CENTRAL REGION,297,341,3071
2016-01-15,EAST REGION,518,372,15102
2016-01-15,NORTH REGION,203,495,4217
2016-01-15,NORTH-EAST REGION,307,572,5064
2016-01-15,WEST REGION,93,118,420
2016-01-16,CENTRAL REGION,61,81,333
2016-01-16,EAST REGION,195,375,2141
2016-01-16,NORTH REGION,22,92,224
2016-01-16,NORTH-EAST REGION,28,41,143
2016-01-16,WEST REGION,13,11,16
2016-01-17,CENTRAL REGION,27,28,324
2016-01-17,EAST REGION,65,38,259
2016-01-17,NORTH REGION,74,77,1804
2016-01-17,NORTH-EAST REGION,15,13,26
2016-01-17,WEST REGION,5,4,5
2016-01-18,CENTRAL REGION,609,1186,6498
2016-01-18,EAST REGION,991,2646,18875
2016-01-18,NORTH REGION,243,710,3227
2016-01-18,NORTH-EAST REGION,412,997,3856
2016-01-18,WEST REGION,98,188,517
2016-01-19,CENTRAL REGION,41,73,281
2016-01-19,EAST REGION,175,269,1798
2016-01-19,NORTH REGION,55,364,1007
2016-01-19,NORTH-EAST REGION,47,48,131
2016-01-19,WEST REGION,83,95,414
2016-01-20,CENTRAL REGION,123,75,3170
2016-01-20,EAST REGION,59,120,329
2016-01-20,NORTH REGION,64,177,867
2016-01-20,NORTH-EAST REGION,19,50,89
2016-01-20,WEST REGION,4,6,8
2016-01-21,EAST REGION,10,17,18
2016-01-21,NORTH-EAST REGION,9,42,63
2016-01-21,WEST REGION,5,3,7
2016-01-22,CENTRAL REGION,208,347,1829
2016-01-22,EAST REGION,256,704,2345
2016-01-22,NORTH REGION,59,183,429
2016-01-22,NORTH-EAST REGION,194,703,2839
2016-01-22,WEST REGION,54,43,832
2016-01-23,CENTRAL REGION,375,752,3288
2016-01-23,EAST REGION,368,634,3144
2016-01-23,NORTH REGION,271,656,5326
2016-01-23,NORTH-EAST REGION,401,946,6739
2016-01-23,WEST REGION,127,239,508
2016-01-24,CENTRAL REGION,144,398,1807
2016-01-24,EAST REGION,95,122,355
2016-01-24,NORTH REGION,142,335,2357
2016-01-24,NORTH-EAST REGION,25,46,94
2016-01-24,WEST REGION,12,21,23
2016-01-25,CENTRAL REGION,223,306,2498
2016-01-25,EAST REGION,173,204,2839
2016-01-25,NORTH REGION,68,77,589
2016-01-25,NORTH-EAST REGION,54,99,282
2016-01-25,WEST REGION,8,12,18
2016-01-26,CENTRAL REGION,510,1214,6312
2016-01-26,EAST REGION,993,2807,20180
2016-01-26,NORTH REGION,315,1360,5476
2016-01-26,NORTH-EAST REGION,394,1149,4497
2016-01-26,WEST REGION,184,257,952
2016-01-27,CENTRAL REGION,8,8,12
2016-01-27,EAST REGION,2,2,4
2016-01-27,NORTH REGION,2,4,4
2016-01-27,NORTH-EAST REGION,23,47,85
2016-01-27,WEST REGION,24,56,168
2016-01-28,EAST REGION,7,8,15
2016-01-28,NORTH REGION,2,2,2
2016-01-28,NORTH-EAST REGION,16,35,116
2016-01-28,WEST REGION,2,2,4
2016-01-29,CENTRAL REGION,266,551,1571
2016-01-29,EAST REGION,473,942,5392
2016-01-29,NORTH REGION,75,84,675
2016-01-29,NORTH-EAST REGION,212,338,3182
2016-01-29,WEST REGION,70,124,215
2016-01-30,CENTRAL REGION,152,395,2324
2016-01-30,EAST REGION,198,680,1368
2016-01-30,NORTH REGION,145,306,1683
2016-01-30,NORTH-EAST REGION,64,150,252
2016-01-30,WEST REGION,16,20,25
2016-01-31,CENTRAL REGION,17,19,51
2016-01-31,EAST REGION,25,9,61
2016-01-31,NORTH REGION,80,81,2160
2016-01-31,NORTH-EAST REGION,9,11,21
2016-01-31,WEST REGION,4,3,12
2017-01-02,EAST REGION,3,4,6
2017-01-02,NORTH REGION,5,5,7
2017-01-02,NORTH-EAST REGION,8,8,34
2017-01-03,CENTRAL REGION,16,24,30
2017-01-03,EAST REGION,25,27,84
2017-01-03,NORTH REGION,9,21,32
2017-01-03,NORTH-EAST REGION,25,34,106
2017-01-03,WEST REGION,59,45,329
2017-01-04,CENTRAL REGION,8,10,16
2017-01-04,EAST REGION,61,9,326
2017-01-04,NORTH REGION,2,2,4
2017-01-04,NORTH-EAST REGION,43,53,373
2017-01-04,WEST REGION,3,2,6
2017-01-05,CENTRAL REGION,2,1,2
2017-01-05,EAST REGION,16,13,46
2017-01-05,NORTH REGION,4,4,8
2017-01-05,WEST REGION,22,85,114
2017-01-06,CENTRAL REGION,11,10,21
2017-01-06,EAST REGION,74,49,349
2017-01-06,NORTH REGION,2,1,2
2017-01-06,NORTH-EAST REGION,6,4,14
2017-01-06,WEST REGION,7,9,15
2017-01-07,CENTRAL REGION,10,15,30
2017-01-07,EAST REGION,9,12,28
2017-01-08,WEST REGION,3,2,6
2017-01-09,CENTRAL REGION,12,8,14
2017-01-09,EAST REGION,23,49,77
2017-01-09,NORTH-EAST REGION,12,23,46
2017-01-09,WEST REGION,43,24,266
2017-01-10,CENTRAL REGION,8,9,11
2017-01-10,EAST REGION,35,45,141
2017-01-10,NORTH REGION,21,23,70
2017-01-10,NORTH-EAST REGION,24,95,154
2017-01-10,WEST REGION,11,2,22
2017-01-11,CENTRAL REGION,2,4,4
2017-01-11,EAST REGION,4,6,8
2017-01-11,NORTH REGION,2,4,4
2017-01-11,NORTH-EAST REGION,32,31,274
2017-01-11,WEST REGION,3,2,6
2017-01-12,CENTRAL REGION,8,6,12
2017-01-12,NORTH-EAST REGION,2,2,4
2017-01-12,WEST REGION,28,70,169
2017-01-13,CENTRAL REGION,23,23,49
2017-01-13,EAST REGION,32,32,188
2017-01-13,NORTH REGION,5,5,5
2017-01-13,WEST REGION,7,6,15
2017-01-14,CENTRAL REGION,2,1,2
2017-01-14,EAST REGION,60,26,201
2017-01-14,NORTH REGION,8,8,16
2017-01-14,NORTH-EAST REGION,25,91,186
2017-01-15,CENTRAL REGION,2,4,4
2017-01-15,EAST REGION,6,6,9
2017-01-15,NORTH-EAST REGION,3,6,9
2017-01-15,WEST REGION,2,2,2
2017-01-16,CENTRAL REGION,19,20,33
2017-01-16,EAST REGION,40,74,170
2017-01-16,NORTH-EAST REGION,26,46,99
2017-01-16,WEST REGION,2,4,4
2017-01-17,CENTRAL REGION,8,5,10
2017-01-17,EAST REGION,37,48,188
2017-01-17,NORTH REGION,2,2,2
2017-01-17,NORTH-EAST REGION,6,18,18
2017-01-17,WEST REGION,4,2,4
2017-01-18,CENTRAL REGION,3,3,3
2017-01-18,EAST REGION,64,14,420
2017-01-18,NORTH-EAST REGION,8,10,16
2017-01-18,WEST REGION,2,4,4
2017-01-19,CENTRAL REGION,4,3,4
2017-01-19,EAST REGION,10,9,12
2017-01-19,NORTH-EAST REGION,4,9,12
2017-01-19,WEST REGION,14,14,49
2017-01-20,CENTRAL REGION,9,9,16
2017-01-20,EAST REGION,81,44,506
2017-01-20,NORTH REGION,4,4,8
2017-01-20,WEST REGION,4,4,6
2017-01-21,CENTRAL REGION,2,2,2
2017-01-21,EAST REGION,9,4,11
2017-01-21,NORTH-EAST REGION,36,74,272
2017-01-22,CENTRAL REGION,2,2,4
2017-01-22,EAST REGION,7,6,14
2017-01-22,NORTH REGION,2,4,4
2017-01-22,WEST REGION,9,7,11
2017-01-23,CENTRAL REGION,19,10,30
2017-01-23,EAST REGION,51,65,197
2017-01-23,NORTH REGION,2,2,2
2017-01-23,NORTH-EAST REGION,28,38,129
2017-01-23,WEST REGION,6,4,8
2017-01-24,EAST REGION,36,22,198
2017-01-24,NORTH REGION,7,6,11
2017-01-24,NORTH-EAST REGION,15,32,47
2017-01-24,WEST REGION,4,8,8
2017-01-25,EAST REGION,3,6,9
2017-01-25,NORTH-EAST REGION,10,13,23
2017-01-25,WEST REGION,2,2,4
2017-01-26,CENTRAL REGION,6,5,12
2017-01-26,EAST REGION,10,19,28
2017-01-26,NORTH-EAST REGION,8,15,18
2017-01-26,WEST REGION,6,13,16
2017-01-27,CENTRAL REGION,15,18,31
2017-01-27,EAST REGION,67,29,346
2017-01-27,NORTH REGION,4,4,8
2017-01-27,NORTH-EAST REGION,3,3,3
2017-01-28,CENTRAL REGION,4,6,8
2017-01-28,EAST REGION,15,20,56
2017-01-28,NORTH REGION,4,8,16
2017-01-28,NORTH-EAST REGION,13,30,50
2017-01-28,WEST REGION,22,38,80
2017-01-29,CENTRAL REGION,2,1,2
2017-01-29,EAST REGION,13,26,35
2017-01-29,NORTH REGION,4,4,8
2017-01-29,NORTH-EAST REGION,38,60,328
2017-01-29,WEST REGION,8,7,16
2017-01-30,CENTRAL REGION,8,12,19
2017-01-30,EAST REGION,44,43,152
2017-01-30,NORTH REGION,2,2,2
2017-01-30,WEST REGION,2,4,4
2017-01-31,CENTRAL REGION,17,8,21
2017-01-31,EAST REGION,55,36,299
2017-01-31,NORTH REGION,2,2,4
2017-01-31,NORTH-EAST REGION,22,23,42
2017-01-31,WEST REGION,5,4,10
2018-01-01,CENTRAL REGION,4,5,6
2018-01-01,EAST REGION,2,2,4
2018-01-01,NORTH REGION,66,52,630
2018-01-01,NORTH-EAST REGION,3,3,3
2018-01-01,WEST REGION,2,4,4
2018-01-02,CENTRAL REGION,17,21,35
2018-01-02,EAST REGION,44,56,186
2018-01-02,NORTH-EAST REGION,25,65,103
2018-01-02,WEST REGION,13,14,27
2018-01-03,CENTRAL REGION,53,77,314
2018-01-03,EAST REGION,86,136,886
2018-01-03,NORTH REGION,79,92,602
2018-01-03,NORTH-EAST REGION,7,9,11
2018-01-03,WEST REGION,17,19,41
2018-01-04,CENTRAL REGION,13,22,33
2018-01-04,EAST REGION,74,47,844
2018-01-04,NORTH REGION,2,2,4
2018-01-04,WEST REGION,97,25,2031
2018-01-05,CENTRAL REGION,13,20,24
2018-01-05,EAST REGION,61,202,418
2018-01-05,NORTH REGION,25,41,114
2018-01-05,NORTH-EAST REGION,108,22,738
2018-01-05,WEST REGION,21,11,42
2018-01-06,CENTRAL REGION,4,8,8
2018-01-06,EAST REGION,4,6,12
2018-01-06,NORTH REGION,14,15,46
2018-01-07,CENTRAL REGION,6,4,24
2018-01-07,EAST REGION,40,64,262
2018-01-07,WEST REGION,84,362,900
2018-01-08,CENTRAL REGION,6,6,12
2018-01-08,EAST REGION,2,2,4
2018-01-08,NORTH REGION,21,30,74
2018-01-08,NORTH-EAST REGION,5,5,7
2018-01-08,WEST REGION,2,2,4
2018-01-09,CENTRAL REGION,11,16,22
2018-01-09,EAST REGION,45,46,211
2018-01-09,NORTH REGION,3,4,6
2018-01-09,NORTH-EAST REGION,19,62,113
2018-01-09,WEST REGION,17,25,41
2018-01-10,CENTRAL REGION,72,94,396
2018-01-10,EAST REGION,54,114,340
2018-01-10,NORTH REGION,96,153,798
2018-01-10,NORTH-EAST REGION,16,13,29
2018-01-10,WEST REGION,15,27,42
2018-01-11,CENTRAL REGION,29,53,92
2018-01-11,EAST REGION,99,109,1031
2018-01-11,NORTH-EAST REGION,71,172,284
2018-01-11,WEST REGION,7,10,12
2018-01-12,CENTRAL REGION,6,7,12
2018-01-12,EAST REGION,41,54,227
2018-01-12,NORTH-EAST REGION,112,25,875
2018-01-12,WEST REGION,25,11,43
2018-01-13,CENTRAL REGION,21,29,48
2018-01-13,EAST REGION,10,18,37
2018-01-13,NORTH REGION,18,17,62
2018-01-13,WEST REGION,2,1,2
2018-01-14,EAST REGION,46,63,414
2018-01-14,WEST REGION,80,265,1122
2018-01-15,CENTRAL REGION,15,15,26
2018-01-15,EAST REGION,11,17,25
2018-01-15,NORTH REGION,17,23,68
2018-01-15,NORTH-EAST REGION,84,197,416
2018-01-15,WEST REGION,10,16,23
2018-01-16,CENTRAL REGION,61,115,186
2018-01-16,EAST REGION,64,116,610
2018-01-16,NORTH REGION,52,113,383
2018-01-16,NORTH-EAST REGION,21,13,142
2018-01-16,WEST REGION,15,18,45
2018-01-17,CENTRAL REGION,47,39,312
2018-01-17,EAST REGION,69,96,467
2018-01-17,NORTH REGION,88,143,553
2018-01-17,NORTH-EAST REGION,10,8,16
2018-01-17,WEST REGION,24,39,72
2018-01-18,CENTRAL REGION,19,47,71
2018-01-18,EAST REGION,20,70,118
2018-01-18,WEST REGION,8,13,13
2018-01-19,CENTRAL REGION,39,74,125
2018-01-19,EAST REGION,70,87,683
2018-01-19,NORTH REGION,45,67,361
2018-01-19,NORTH-EAST REGION,2,4,4
2018-01-19,WEST REGION,11,12,22
2018-01-20,CENTRAL REGION,14,12,42
2018-01-20,EAST REGION,25,61,74
2018-01-20,NORTH REGION,24,31,89
2018-01-20,WEST REGION,9,11,13
2018-01-21,CENTRAL REGION,3,4,6
2018-01-21,EAST REGION,52,37,452
2018-01-21,WEST REGION,89,138,1567
2018-01-22,CENTRAL REGION,15,18,32
2018-01-22,EAST REGION,21,39,65
2018-01-22,NORTH REGION,10,14,20
2018-01-22,NORTH-EAST REGION,98,74,671
2018-01-22,WEST REGION,8,10,17
2018-01-23,CENTRAL REGION,34,33,113
2018-01-23,EAST REGION,24,27,104
2018-01-23,NORTH-EAST REGION,2,2,2
2018-01-23,WEST REGION,33,66,138
2018-01-24,CENTRAL REGION,13,15,27
2018-01-24,EAST REGION,89,224,774
2018-01-24,NORTH REGION,23,27,57
2018-01-24,NORTH-EAST REGION,10,15,33
2018-01-24,WEST REGION,26,31,62
2018-01-25,CENTRAL REGION,26,25,105
2018-01-25,EAST REGION,2,2,4
2018-01-25,NORTH REGION,80,132,692
2018-01-25,NORTH-EAST REGION,20,33,49
2018-01-25,WEST REGION,10,9,16
2018-01-26,CENTRAL REGION,42,120,252
2018-01-26,EAST REGION,82,100,786
2018-01-26,NORTH REGION,50,131,496
2018-01-26,NORTH-EAST REGION,4,4,8
2018-01-26,WEST REGION,20,15,44
2018-01-27,CENTRAL REGION,4,16,16
2018-01-27,EAST REGION,14,19,39
2018-01-27,NORTH REGION,36,44,124
2018-01-28,CENTRAL REGION,10,12,20
2018-01-28,EAST REGION,69,134,754
2018-01-28,WEST REGION,101,159,2035
2018-01-29,CENTRAL REGION,8,17,19
2018-01-29,EAST REGION,27,78,135
2018-01-29,NORTH REGION,23,72,89
2018-01-29,NORTH-EAST REGION,113,82,770
2018-01-30,CENTRAL REGION,5,4,20
2018-01-30,EAST REGION,35,55,193
2018-01-30,NORTH REGION,8,18,20
2018-01-30,NORTH-EAST REGION,4,12,12
2018-01-30,WEST REGION,63,193,470
2018-01-31,CENTRAL REGION,5,6,10
2018-01-31,EAST REGION,126,731,1879
2018-01-31,NORTH REGION,15,18,38
2018-01-31,NORTH-EAST REGION,16,31,53
2018-01-31,WEST REGION,41,84,159
2019-01-01,CENTRAL REGION,37,66,83
2019-01-01,EAST REGION,217,534,1964
2019-01-01,NORTH REGION,18,23,33
2019-01-01,NORTH-EAST REGION,242,678,2615
2019-01-01,WEST REGION,241,396,9308
2019-01-02,CENTRAL REGION,478,1117,5773
2019-01-02,EAST REGION,550,1834,6728
2019-01-02,NORTH REGION,503,965,19415
2019-01-02,NORTH-EAST REGION,140,278,663
2019-01-02,WEST REGION,120,357,1379
2019-01-03,CENTRAL REGION,262,1010,2488
2019-01-03,EAST REGION,295,979,2728
2019-01-03,NORTH REGION,510,3137,12331
2019-01-03,NORTH-EAST REGION,148,261,557
2019-01-03,WEST REGION,75,192,383
2019-01-04,CENTRAL REGION,242,311,3260
2019-01-04,EAST REGION,304,471,3472
2019-01-04,NORTH REGION,41,51,161
2019-01-04,NORTH-EAST REGION,163,383,2054
2019-01-04,WEST REGION,216,585,7886
2019-01-06,CENTRAL REGION,634,1954,7832
2019-01-06,EAST REGION,648,960,6152
2019-01-06,NORTH REGION,190,548,1874
2019-01-06,NORTH-EAST REGION,972,2581,13230
2019-01-06,WEST REGION,713,1563,21288
2019-01-07,CENTRAL REGION,17,28,46
2019-01-07,EAST REGION,173,801,3132
2019-01-07,NORTH REGION,15,38,43
2019-01-07,NORTH-EAST REGION,20,56,100
2019-01-07,WEST REGION,69,180,337
2019-01-08,CENTRAL REGION,1359,3705,15840
2019-01-08,EAST REGION,1671,4254,23587
2019-01-08,NORTH REGION,476,1045,16486
2019-01-08,NORTH-EAST REGION,710,1896,5456
2019-01-08,WEST REGION,780,2398,17204
2019-01-09,CENTRAL REGION,13,26,55
2019-01-09,EAST REGION,20,37,48
2019-01-09,NORTH REGION,101,114,1244
2019-01-09,NORTH-EAST REGION,28,26,122
2019-01-09,WEST REGION,12,11,42
2019-01-10,CENTRAL REGION,308,1128,3441
2019-01-10,EAST REGION,322,868,3220
2019-01-10,NORTH REGION,467,3028,13786
2019-01-10,NORTH-EAST REGION,115,264,475
2019-01-10,WEST REGION,77,222,469
2019-01-11,CENTRAL REGION,128,218,1145
2019-01-11,EAST REGION,298,339,3462
2019-01-11,NORTH REGION,8,16,28
2019-01-11,NORTH-EAST REGION,181,333,2203
2019-01-11,WEST REGION,215,480,8136
2019-01-13,CENTRAL REGION,497,1849,6509
2019-01-13,EAST REGION,661,1230,5609
2019-01-13,NORTH REGION,259,1771,3660
2019-01-13,NORTH-EAST REGION,968,2225,13682
2019-01-13,WEST REGION,662,1501,21651
2019-01-14,CENTRAL REGION,39,97,136
2019-01-14,EAST REGION,241,1107,4709
2019-01-14,NORTH REGION,33,96,145
2019-01-14,NORTH-EAST REGION,49,108,214
2019-01-14,WEST REGION,107,231,628
2019-01-15,CENTRAL REGION,64,92,173
2019-01-15,EAST REGION,261,531,2792
2019-01-15,NORTH REGION,9,16,21
2019-01-15,NORTH-EAST REGION,330,1183,3099
2019-01-15,WEST REGION,355,1758,12046
2019-01-16,CENTRAL REGION,1597,5422,19891
2019-01-16,EAST REGION,1661,4534,24343
2019-01-16,NORTH REGION,451,939,16174
2019-01-16,NORTH-EAST REGION,551,1563,4751
2019-01-16,WEST REGION,576,2761,9703
2019-01-18,CENTRAL REGION,45,134,570
2019-01-18,EAST REGION,333,287,3777
2019-01-18,NORTH REGION,20,26,50
2019-01-18,NORTH-EAST REGION,225,427,2825
2019-01-18,WEST REGION,218,432,8515
2019-01-19,CENTRAL REGION,413,1247,4840
2019-01-19,EAST REGION,395,897,4171
2019-01-19,NORTH REGION,532,1728,16774
2019-01-19,NORTH-EAST REGION,156,394,859
2019-01-19,WEST REGION,127,395,911
2019-01-20,CENTRAL REGION,421,895,6721
2019-01-20,EAST REGION,551,965,5185
2019-01-20,NORTH REGION,47,80,169
2019-01-20,NORTH-EAST REGION,921,1345,14262
2019-01-20,WEST REGION,551,1064,21272
2019-01-21,CENTRAL REGION,44,63,183
2019-01-21,EAST REGION,311,1098,6015
2019-01-21,NORTH REGION,44,125,220
2019-01-21,NORTH-EAST REGION,51,86,310
2019-01-21,WEST REGION,124,209,840
2019-01-22,CENTRAL REGION,156,455,1082
2019-01-22,EAST REGION,425,1351,4033
2019-01-22,NORTH REGION,319,2034,6246
2019-01-22,NORTH-EAST REGION,472,1821,4459
2019-01-22,WEST REGION,433,2368,13727
2019-01-23,CENTRAL REGION,767,1354,10359
2019-01-23,EAST REGION,539,966,4724
2019-01-23,NORTH REGION,145,391,850
2019-01-23,NORTH-EAST REGION,412,762,4582
2019-01-23,WEST REGION,326,1402,5535
2019-01-25,CENTRAL REGION,50,96,475
2019-01-25,EAST REGION,188,439,1620
2019-01-25,NORTH REGION,17,20,32
2019-01-25,NORTH-EAST REGION,207,567,2178
2019-01-25,WEST REGION,212,214,8718
2019-01-26,CENTRAL REGION,1229,3291,15793
2019-01-26,EAST REGION,1270,4244,17618
2019-01-26,NORTH REGION,602,1841,20444
2019-01-26,NORTH-EAST REGION,375,1274,2396
2019-01-26,WEST REGION,417,1659,5462
2019-01-27,CENTRAL REGION,460,986,6070
2019-01-27,EAST REGION,721,1545,7511
2019-01-27,NORTH REGION,413,1676,7596
2019-01-27,NORTH-EAST REGION,970,1581,14166
2019-01-27,WEST REGION,599,1438,22502
2019-01-29,CENTRAL REGION,100,179,373
2019-01-29,EAST REGION,646,1861,10624
2019-01-29,NORTH REGION,199,606,1541
2019-01-29,NORTH-EAST REGION,603,1947,6608
2019-01-29,WEST REGION,518,1256,14954
2019-01-30,CENTRAL REGION,689,2036,9974
2019-01-30,EAST REGION,355,723,3081
2019-01-30,NORTH REGION,46,58,122
2019-01-30,NORTH-EAST REGION,396,1160,5476
2019-01-30,WEST REGION,345,924,6136
2020-01-03,CENTRAL REGION,3310,13057,50026
2020-01-03,EAST REGION,1039,2844,15094
2020-01-03,NORTH REGION,306,832,1979
2020-01-03,NORTH-EAST REGION,2375,6871,28597
2020-01-03,WEST REGION,1395,5301,34885
2020-01-05,CENTRAL REGION,1302,5667,15106
2020-01-05,EAST REGION,251,827,4520
2020-01-05,NORTH REGION,89,254,484
2020-01-05,NORTH-EAST REGION,679,1451,5156
2020-01-05,WEST REGION,199,334,1760
2020-01-06,CENTRAL REGION,747,1052,9533
2020-01-06,EAST REGION,796,1762,11797
2020-01-06,NORTH REGION,153,251,1225
2020-01-06,NORTH-EAST REGION,896,1662,14404
2020-01-06,WEST REGION,501,1954,7356
2020-01-07,CENTRAL REGION,4863,17805,115896
2020-01-07,EAST REGION,1489,4493,26747
2020-01-07,NORTH REGION,504,1848,5371
2020-01-07,NORTH-EAST REGION,3176,9429,53618
2020-01-07,WEST REGION,838,2280,16089
2020-01-08,CENTRAL REGION,476,999,3575
2020-01-08,EAST REGION,96,367,757
2020-01-08,NORTH REGION,89,136,729
2020-01-08,NORTH-EAST REGION,282,513,1613
2020-01-08,WEST REGION,362,261,2543
2020-01-09,CENTRAL REGION,245,502,1475
2020-01-09,EAST REGION,47,69,169
2020-01-09,NORTH REGION,59,113,312
2020-01-09,NORTH-EAST REGION,387,649,2912
2020-01-09,WEST REGION,489,583,8965
2020-01-10,CENTRAL REGION,62,99,152
2020-01-10,EAST REGION,242,276,2531
2020-01-10,NORTH REGION,43,106,184
2020-01-10,NORTH-EAST REGION,543,1307,8205
2020-01-10,WEST REGION,236,698,2855
2020-01-13,CENTRAL REGION,234,485,1736
2020-01-13,EAST REGION,46,94,139
2020-01-13,NORTH REGION,24,57,86
2020-01-13,NORTH-EAST REGION,692,1064,11723
2020-01-13,WEST REGION,401,1357,6506
2020-01-14,CENTRAL REGION,103,164,472
2020-01-14,EAST REGION,40,68,91
2020-01-14,NORTH REGION,102,230,1302
2020-01-14,NORTH-EAST REGION,590,1538,8751
2020-01-14,WEST REGION,298,885,2511
2020-01-15,CENTRAL REGION,672,1961,5630
2020-01-15,EAST REGION,147,746,1510
2020-01-15,NORTH REGION,101,150,924
2020-01-15,NORTH-EAST REGION,387,874,2578
2020-01-15,WEST REGION,385,399,2840
2020-01-17,CENTRAL REGION,298,703,1516
2020-01-17,EAST REGION,301,287,2896
2020-01-17,NORTH REGION,115,269,820
2020-01-17,NORTH-EAST REGION,924,1497,11160
2020-01-17,WEST REGION,761,1091,12386
2020-01-18,CENTRAL REGION,3829,6864,128753
2020-01-18,EAST REGION,1400,2210,29676
2020-01-18,NORTH REGION,388,1029,7607
2020-01-18,NORTH-EAST REGION,1215,2354,22661
2020-01-18,WEST REGION,612,760,17692
2020-01-20,CENTRAL REGION,250,594,2118
2020-01-20,EAST REGION,35,62,114
2020-01-20,NORTH REGION,24,47,90
2020-01-20,NORTH-EAST REGION,487,654,6722
2020-01-20,WEST REGION,475,1656,8014
2020-01-21,CENTRAL REGION,126,294,729
2020-01-21,EAST REGION,43,74,117
2020-01-21,NORTH REGION,64,132,938
2020-01-21,NORTH-EAST REGION,678,1411,9892
2020-01-21,WEST REGION,352,1363,3773
2020-01-22,CENTRAL REGION,831,2325,7451
2020-01-22,EAST REGION,160,1121,2826
2020-01-22,NORTH REGION,115,186,1049
2020-01-22,NORTH-EAST REGION,470,1000,3375
2020-01-22,WEST REGION,250,402,2064
2020-01-24,CENTRAL REGION,421,1085,2521
2020-01-24,EAST REGION,181,527,1470
2020-01-24,NORTH REGION,153,344,1169
2020-01-24,NORTH-EAST REGION,1004,1909,12286
2020-01-24,WEST REGION,580,824,5495
2020-01-27,CENTRAL REGION,311,390,2583
2020-01-27,EAST REGION,26,53,106
2020-01-27,NORTH REGION,42,69,171
2020-01-27,NORTH-EAST REGION,467,675,6375
2020-01-27,WEST REGION,436,1141,8228
2020-01-28,CENTRAL REGION,155,343,993
2020-01-28,EAST REGION,36,59,90
2020-01-28,NORTH REGION,17,15,31
2020-01-28,NORTH-EAST REGION,718,1545,10993
2020-01-28,WEST REGION,415,1329,4719
2020-01-29,CENTRAL REGION,1041,3161,10243
2020-01-29,EAST REGION,194,987,3681
2020-01-29,NORTH REGION,141,246,1330
2020-01-29,NORTH-EAST REGION,588,1141,4476
2020-01-29,WEST REGION,169,208,1458
2020-01-30,CENTRAL REGION,404,1078,2842
2020-01-30,EAST REGION,85,341,449
2020-01-30,NORTH REGION,79,179,569
2020-01-30,NORTH-EAST REGION,335,580,2484
2020-01-30,WEST REGION,373,343,2389
2020-01-31,CENTRAL REGION,87,206,282
2020-01-31,EAST REGION,101,350,1376
2020-01-31,NORTH REGION,82,343,923
2020-01-31,NORTH-EAST REGION,629,1267,9850
2020-01-31,WEST REGION,167,421,755
